id,created_at,text
851242977926287361,2017-04-10 01:18:35,b'Precandidato presidencial de UPA: El principal eje es lograr la independencia del pa\xc3\xads https://t.co/Hb1iOPwdu1'
850344614028607488,2017-04-07 13:48:49,b'Toda la Solidaridad con el Pueblo y Gobierno Sirio https://t.co/KF0byvKvx0'
848084097201315840,2017-04-01 08:06:20,b'31 MAR 2017 Entrevista Candidato presidencial Eduardo Art\xc3\xa9s https://t.co/yTgr12nMKF v\xc3\xada @YouTube'
847636608631177219,2017-03-31 02:28:10,b'Fuera la Injerencia Imperialista de Venezuela https://t.co/nIHb0aAYxf'
843634875152371713,2017-03-20 01:26:42,"b'Eduardo Artes: "" Uni\xc3\xb3n Patri\xc3\xb3tica UPA es lo nuevo y particularmente una voz en sinfon\xc3\xada con la rabia acumulada "" https://t.co/5ihARHPlgf'"
843634020751740929,2017-03-20 01:23:19,b'Uni\xc3\xb3n Patri\xc3\xb3tica sigue sumando adherentes y creciendo desde el desconten... https://t.co/QsLTJb7MSS v\xc3\xada @YouTube'
841615541802524672,2017-03-14 11:42:36,b'El camino de construcci\xc3\xb3n de UPA sigue firme https://t.co/X23VelOO4A'
833680889334861824,2017-02-20 14:13:07,"b'Rino Island : Eduardo Art\xc3\xa9s Brichetti, Presidente Partido Uni\xc3\xb3n ... https://t.co/EKxBsCN1Y2'"
820994137415647232,2017-01-16 14:00:30,b'Marcha 15 de enero con la comunidad de inmigrantes https://t.co/fX2lh7itzx v\xc3\xada @YouTube'
820249991423950848,2017-01-14 12:43:32,b'La opini\xc3\xb3n de Eduardo Art\xc3\xa9s https://t.co/SAVO0fzIH2 v\xc3\xada @YouTube'
818296832145158149,2017-01-09 03:22:22,b'Interveci\xc3\xb3n de Eduardo Art\xc3\xa9s en Asamblea Regional UPA 06 enero de 2017 https://t.co/9e8FzqpAQ4 v\xc3\xada @YouTube'
815038015286415361,2016-12-31 03:33:00,b'La opini\xc3\xb3n de Eduardo Art\xc3\xa9s https://t.co/ydLNjtJ8Ws v\xc3\xada @infogatecl'
814653725411311616,2016-12-30 02:05:58,b'EDUARDO ARTES 28 DIC  1 PGM https://t.co/raxqsAHncA v\xc3\xada @YouTube'
813940317619716098,2016-12-28 02:51:08,b'Entrega de juguetes campamento La Isla https://t.co/XmmxSGOtZg v\xc3\xada @YouTube'
813043853649448961,2016-12-25 15:28:54,b'RT @eduardo_artes: Deben hacerlo \xc2\xa1ahora! https://t.co/DgbN9cXaJx'
813043565504897026,2016-12-25 15:27:46,b'Deben hacerlo \xc2\xa1ahora! https://t.co/DgbN9cXaJx'
813043359531016192,2016-12-25 15:26:57,"b'#terremoto abrazo a los compatriotas del sur. FFAA en  comunicaciones, transporte, hospitales y carpas ahora al servicio de damnificados!'"
812414539291643905,2016-12-23 21:48:14,b'e https://t.co/bbZAZgLOZ4 v\xc3\xada @YouTube'
811668279622254592,2016-12-21 20:22:52,"b'Saludo desde Alemania al UPA y su candidato presidencial, Eduardo Art\xc3\xa9s ... https://t.co/bcCWtTEdVD v\xc3\xada @YouTube'"
811416623114571776,2016-12-21 03:42:52,"b'Saludo desde Alemania al UPA y su candidato presidencial, Eduardo Art\xc3\xa9s ... https://t.co/bcCWtTEdVD v\xc3\xada @YouTube'"
810813383180255232,2016-12-19 11:45:49,b'Mitin SIRIA https://t.co/Ya8hLrna9H v\xc3\xada @YouTube'
810812951758311426,2016-12-19 11:44:06,b'12 DIC 2016 EXITOSO ENCUENTRO DE LOS PUEBLOS EFECTUADO EN SAN ANTONIO https://t.co/uUnz0bD7rM v\xc3\xada @YouTube'
809411081869344770,2016-12-15 14:53:34,"b'RT @eduardo_artes: Mu\xc3\xb1eca inflable. muestra de la podredumbre y miseria mental de los oligarcas y sus empleados pol\xc3\xadticos, en todo muestran\xe2\x80\xa6'"
809385658821341184,2016-12-15 13:12:33,"b'Mu\xc3\xb1eca inflable. muestra de la podredumbre y miseria mental de los oligarcas y sus empleados pol\xc3\xadticos, en todo muestran las orejas de burro'"
806908601361166337,2016-12-08 17:09:36,b'Eduardo Artes en 7 Encuentro de EX PPR Lima Peru https://t.co/ik8lmQ0fK7 v\xc3\xada @YouTube'
806145038233247745,2016-12-06 14:35:29,b'25 NOV 2016 ENTREVISTA CANDIDATO PRESIDENCIAL EDUARDO ARTES https://t.co/f3elMd74yV v\xc3\xada @YouTube'
806108595167367168,2016-12-06 12:10:40,b'La opini\xc3\xb3n de Eduardo Art\xc3\xa9s https://t.co/ByrZkWy23Y v\xc3\xada @YouTube'
806108446965829634,2016-12-06 12:10:05,b'La opini\xc3\xb3n de Eduardo Art\xc3\xa9s https://t.co/WUx503RITP v\xc3\xada @YouTube'
806107766699999232,2016-12-06 12:07:22,"b'Vigilia por la paz 29 Nov 2016, Francf\xc3\xb3r - Alemania https://t.co/abm77IIx1P v\xc3\xada @YouTube'"
802556544680280064,2016-11-26 16:56:05,b'Eduardo Art\xc3\xa9s Brichetti: \xe2\x80\x9cAqu\xc3\xad hay cosas sociales que no pueden estar en el vaiv\xc3\xa9n del mercado\xe2\x80\x9d https://t.co/cT1R8GUSES'
802491096639094784,2016-11-26 12:36:01,"b'Fidel Castro VIVE y VIVIR\xc3\x81 en la lucha por la autodeterminaci\xc3\xb3n, libertad y el socialismo que reclama nuestros tiempos. UPA!!'"
802442219647070208,2016-11-26 09:21:48,b'25 NOV 2016 ENTREVISTA CANDIDATO PRESIDENCIAL EDUARDO ARTES https://t.co/f3elMd74yV v\xc3\xada @YouTube'
802163180671733764,2016-11-25 14:53:00,b'RT @ChileUpa: Con @eduardo_artes en entrevista en @lidersanantonio sobre candidatura presidencial de Uni\xc3\xb3n Patri\xc3\xb3tica. Por un Chile popular\xe2\x80\xa6'
801944979270729728,2016-11-25 00:25:57,b'La opini\xc3\xb3n de Eduardo Art\xc3\xa9s https://t.co/WUx503RITP v\xc3\xada @YouTube'
801899768242913284,2016-11-24 21:26:17,b'RT @infogatecl: Opini\xc3\xb3n:El candidato presidencial #UPA habla de las elecciones y la posici\xc3\xb3n de su partido @chile_upa @eduardo_artes https:\xe2\x80\xa6'
801579422080004096,2016-11-24 00:13:21,b'RT @sgomezceledon: Opini\xc3\xb3n de @eduardo_artes sobre #Uni\xc3\xb3nPatri\xc3\xb3tica @chile_upa https://t.co/MKLpf1lC2a v\xc3\xada @infogatecl @profe_fabi @Ferberm\xe2\x80\xa6'
801579370687197184,2016-11-24 00:13:09,"b'RT @eduardo_artes: Insulza MAFIOSO de marca mayor, ""socioslistos"" tratan de sacar ganancia en la crisis-podredumbre de la MAFIA!'"
801578500389998593,2016-11-24 00:09:41,"b'Insulza MAFIOSO de marca mayor, ""socioslistos"" tratan de sacar ganancia en la crisis-podredumbre de la MAFIA!'"
800744898303578117,2016-11-21 16:57:15,b'ASAMBLEA REGIONAL UPA https://t.co/grFYPP6eQQ'
800742582208888832,2016-11-21 16:48:03,b'Atinado https://t.co/jdBG15FT4U'
800492166929907712,2016-11-21 00:12:59,b'Jajaja: Bachelet dice que su equipo pol\xc3\xadtico esta extraordinariamente bien! c\xc3\xb3mo ser\xc3\xada si estuviera mal NO MAS MAFIA!'
799214512180228096,2016-11-17 11:36:03,"b'La MAFIA (Nv. Mayor\xc3\xada- Chile Vamos) la hizo otra vez, reajuste MISERABLE! a refundar CHILE!!'"
798310661495209984,2016-11-14 23:44:28,b'La opini\xc3\xb3n de Eduardo Art\xc3\xa9s https://t.co/ByrZkWPCVw v\xc3\xada @YouTube'
797537098618249217,2016-11-12 20:30:36,b'La opini\xc3\xb3n de Sergio G\xc3\xb3mez https://t.co/r1vkjTrXNE v\xc3\xada @YouTube'
796870383358111744,2016-11-11 00:21:19,b'RT @infogatecl: Estamos con @eduardo_artes grabando una nueva opini\xc3\xb3n y pronto disponible en nuestro portal @chile_upa @sgomezceledon https\xe2\x80\xa6'
796808383642959872,2016-11-10 20:14:57,b'RT @sgomezceledon: Quieres saber m\xc3\xa1s de @chile_upa pronto en @infogatecl @eduardo_artes #PresidenteChile2017 y #SergioG\xc3\xb3mez #UPAprovidencia\xe2\x80\xa6'
796323613783756800,2016-11-09 12:08:39,b'RT @RecabarrenLuisE: Recuperar #Chile est\xc3\xa1 en tus manos. #Art\xc3\xa9sPresidente https://t.co/kvGN1oa1ZU'
795734968257409025,2016-11-07 21:09:35,"b'En Octubre todos los fondos sufrieron perdidas, es decir, los trabajadores pierden su dinero y las AFPs siguen con utilidades.'"
795455858075463681,2016-11-07 02:40:30,b'De vocero de las ISAPRES a candidato de la MAFIA https://t.co/ZJVDkFyJZk'
794572991275429888,2016-11-04 16:12:18,b'RT @sgomezceledon: Nuestro candidato Presidencial @eduardo_artes @chile_upa #NOMasAFPs #ParoNacional #NoAlDuopolio @editordelmedio @eldesco\xe2\x80\xa6'
794572891618766848,2016-11-04 16:11:54,b'RT @chile_upa: #NOMasAFPs grita la inmensa mayor\xc3\xada de los Chilenos y el gobierno defiende al 1% que lucra con la miseria de nuestros ancian\xe2\x80\xa6'
794523582454001665,2016-11-04 12:55:58,"b'Tvn, Mega, la red, canal 13... etc. presentan pel\xc3\xadcula de vampiros para desvirtuar al  Paro NO+AFP, SIRVIENTE DE LAS AFP!, a la calle \xc2\xa1UPA!'"
794210891814289408,2016-11-03 16:13:26,b'RT @RecabarrenLuisE: RT #YoParoEl4 @NOmasAFP @LuisMesina1 @eduardo_artes  @doris_gonzalez_ @MaxQuitral @atilio_herrera @Carlos92_Ast @Gaspa\xe2\x80\xa6'
794210861418160129,2016-11-03 16:13:19,"b'RT @sgomezceledon: Se vienen las presidenciales y con @chile_upa seguimos en la misma, con @eduardo_artes como propuesta https://t.co/nuSbD\xe2\x80\xa6'"
792836487326859269,2016-10-30 21:12:03,"b'Las elecciones municipales nos permitieron  presentarnos, ahora vamos con y desde la gente , por TODO, por el Gobie\xe2\x80\xa6 https://t.co/vRWikHNb8I'"
792835649737031680,2016-10-30 21:08:43,b'Cotizaciones y aportes https://t.co/J2DzXkSgKa'
792540150240841730,2016-10-30 01:34:31,"b'RT @ActualidadRT: Putin: ""Rusia no planea atacar a nadie: eso es rid\xc3\xadculo, absurdo e impensable"" (Video) https://t.co/EMBAwrYPTN https://t.\xe2\x80\xa6'"
789910329945911297,2016-10-22 19:24:33,b'#Municipales2016 Los que gobiernan no de presentan a las elecciones. Ma\xc3\xb1ana todo Chile dice #QueLosVecinosGanen #MunicipiosCiudadanos ListaR'
789908508183556096,2016-10-22 19:17:18,b'RT @Ferbermello: #Municipales2016 ma\xc3\xb1ana decidimos por el cambio para nuestras comunas #QueLosVecinosGanen  #Conchali R60'
789908470711644160,2016-10-22 19:17:09,b'RT @chile_upa: #VotaChile2016 depende de nosotras y nosotros decirle chao a la mafia e instalar municipios ciudadanos. Lista R #QueLosVecin\xe2\x80\xa6'
789908309465784320,2016-10-22 19:16:31,b'#QueLosVecinosGanen ma\xc3\xb1ana comienza a forjarse un nuevo Chile. El cambio y la esperanza para parar los abusos #ListaR #Municipales2016'
786275977823268864,2016-10-12 18:42:56,"b'CNN Chile nuestra a todos los partidos y grupos algunos menos a UNI\xc3\x93N PATRI\xc3\x93TICA UPA, ocultamiento descarado.\xc2\xa1Miserables!'"
785143718932279296,2016-10-09 15:43:44,"b'Comunicado de Prensa, Contra los Corruptos del Duopolio https://t.co/jW4Sbx8ByR'"
780231814455648256,2016-09-26 02:25:35,"b'https://t.co/wT79cTfaFP contra la mafia, por una Patria Nueva!!'"
780059377860538370,2016-09-25 15:00:23,"b'TVN Estado nacional dan espacio a F. Kast,EVOPOLIS con menos firmas que UNI\xc3\x93N PATRI\xc3\x93TICA que es ocultada = a nuestra cand a presidencial'"
779424273068851200,2016-09-23 20:56:42,"b'Los chantas con muchas lucas publicas y de los poderosos a nosotros nos quitaron hasta las murallas,\xc2\xbfIGUALDAD en las elecciones?'"
779058547715870721,2016-09-22 20:43:26,"b'Buena acogida en la gente, de los medios NO SE ESCUCHA PADRE! no esper\xc3\xa1bamos otra cosa, lo que importa es la gente\xe2\x80\xa6 https://t.co/MHHU1r7dhV'"
778593430410780672,2016-09-21 13:55:14,"b'https://t.co/UyBrCv2imN A encartar a las mayor\xc3\xadas, a golpear hasta destruir al duopolio, a la MAFIA \xc2\xa1a vencer!'"
777882375032283137,2016-09-19 14:49:45,"b'#FelizLunes despu\xc3\xa9s de un TEDEUM lleno de poses y miradas chantas sobre los abusos y corrupci\xc3\xb3n, poco les queda, la gente NO es tonta! \xc2\xa1UPA!'"
777669489332715524,2016-09-19 00:43:49,b'Es la hora de la gente y no los chantas mal olientes! https://t.co/c5bHMGWF81'
777612832003227648,2016-09-18 20:58:41,"b'mmm  los vende patria, la MAFIA vestidos de gala celebrando la independencia \xc2\xa1pat\xc3\xa9ticos!'"
777578241653694464,2016-09-18 18:41:14,b'No nos hemos movilizado tanto para que el que asuma el gobierno un chanta como Lagos o Pi\xc3\xb1era.'
776165806090686464,2016-09-14 21:08:43,"b'https://t.co/dHyRajCtmw buen articulo, a tenerlo presente cuando la MAFIA justifique la miseria con la ""crisis"".'"
776143525280882688,2016-09-14 19:40:11,b'#cosastipicasDel18 o de una mas de la MAFIA: \xc2\xa1Los honrables parlamentarios se tomaron vacaciones hasta el 27 de sept! cara de .....'
773986136909905922,2016-09-08 20:47:29,b'VIDEO: Opini\xc3\xb3n de Eduardo Art\xc3\xa9s en Telesur sobre la situaci\xc3\xb3n interna de Venezuela https://t.co/5sCk3SK0LP'
773624506229350401,2016-09-07 20:50:30,b'Recuperemos los derechos de agua de Santiago https://t.co/Oouiax3HXC v\xc3\xada @YouTube'
773454141897248769,2016-09-07 09:33:32,b'Extracto discurso de Eduardo Art\xc3\xa9s en Encuentro Nacional de UPA https://t.co/oKQdd0bhQG v\xc3\xada @YouTube'
773365486528634880,2016-09-07 03:41:15,b'Encuentro nacional de UPA https://t.co/mLsn61NPNL v\xc3\xada @YouTube'
773350934369959936,2016-09-07 02:43:25,b'Video motivacional UPA https://t.co/rpFEQZZkl5 v\xc3\xada @YouTube'
772194492262875138,2016-09-03 22:08:08,b'RT @profe_fabi: @profe_fabi https://t.co/GZrtIAsjkj'
771850896468799488,2016-09-02 23:22:48,b'https://t.co/ktGtYEDZHG'
771754096793640960,2016-09-02 16:58:09,"b'Ricardo Lagos con el aval de Bachet se propone para sacrificarse y ser candidato a a la presidencia, se suma a Pi\xc3\xb1era defendiendo la MAFIA.'"
770327872636608512,2016-08-29 18:30:51,b'#LosTenores de mas de lo mismo se esfuman compartiendo https://t.co/0r93cFiy6n NO al blanqueo de la MAFIA'
770323128534855682,2016-08-29 18:12:00,"b'#HayCosasTristesY JUAN GABRIEL su muerte tiene tristes a los medios, bien \xc2\xbfel asesinato de 43 estudiantes mexicanos nos los puso triste?'"
770321164161941504,2016-08-29 18:04:12,b'Terminar con clase de filosof\xc3\xada es de cavernarios https://t.co/fDs9aCWR2Q'
768845022410207232,2016-08-25 16:18:32,b'#felizjueves en Santiago tenemos alternativa a la podredumbre https://t.co/Z6uMJzhDtS'
768418803852115968,2016-08-24 12:04:54,"b'FelizMiercoles, Paro de profes en C.Navia, luis plaza mafioso de poca monta responsable, Bachelet se re\xc3\xbane con la MAFIA, no recibe a los AFP'"
767562565887066112,2016-08-22 03:22:30,"b'La soledad de la MAFIA es total, fracaso el gobierno y el parlamento, la corrupci\xc3\xb3n los pudri\xc3\xb3. en las municipales diremos UPA \xc2\xa1chalupa!'"
767459228340592640,2016-08-21 20:31:53,"b'#nomasAFP Uni\xc3\xb3n Patri\xc3\xb3tica UPA- Pacto Justicia y Transparencia lista R, desde y con la gente:https://t.co/Qfnf0GTQ9g'"
767066448174977024,2016-08-20 18:31:07,"b'RT @eduardo_artes: Bien toda la MAFIA desciende en la aprobaci\xc3\xb3n de la gente, Bachelet, Larrain, Andrade con rechazo total, UPA \xc2\xa1CHALUPA!'"
766689313492967424,2016-08-19 17:32:31,"b'Bien toda la MAFIA desciende en la aprobaci\xc3\xb3n de la gente, Bachelet, Larrain, Andrade con rechazo total, UPA \xc2\xa1CHALUPA!'"
766688336958423040,2016-08-19 17:28:38,b'https://t.co/FKLRFkvIHV'
766687495241228289,2016-08-19 17:25:17,"b'RT @eduardo_artes: La ley que sanciona a la coluci\xc3\xb3n, logro de la indignaci\xc3\xb3n de las mayor\xc3\xadas,  la MAFIA fue obligada, no bajar la guardia,\xe2\x80\xa6'"
766687251929726976,2016-08-19 17:24:19,"b'La ley que sanciona a la coluci\xc3\xb3n, logro de la indignaci\xc3\xb3n de las mayor\xc3\xadas,  la MAFIA fue obligada, no bajar la guardia, a leer letra chica'"
766448744829186048,2016-08-19 01:36:35,"b'La pol\xc3\xadtica de UPA atrae a lo mejor de la gente, se est\xc3\xa1n sumado incluso candidatos de otros pactos, creceremos hasta vencer!'"
766362601706184704,2016-08-18 19:54:17,b'RT @eduardo_artes: 03 Septiembre / 1er Encuentro Nacional de UPA https://t.co/OXDs4NgOC9'
766359403289276416,2016-08-18 19:41:34,b'RT @FrenteTrabajoRD: Recibimos saludo de Eduardo Artes en foro lanzamiento @ARecuperarLaCUT'
766359190071803905,2016-08-18 19:40:43,"b'RT @chile_upa: Algunos hablan del #DiaDeLaSolidaridad y defienden las AFP. Claro, pues confunden Solidaridad con la Caridad'"
766329527945625601,2016-08-18 17:42:51,"b'se concentra el mal olor \xc2\xa1Hoy c\xc3\xb3nclave de la nueva mayor\xc3\xada y los frescos en la moneda, a costo de todos!'"
765285541931868160,2016-08-15 20:34:26,"b'Fin a las AFP , Reparto solidario y de aporte tripartito https://t.co/C6wxPLm8DZ'"
765283395916197888,2016-08-15 20:25:54,b'03 Septiembre / 1er Encuentro Nacional de UPA https://t.co/OXDs4NgOC9'
765271393546174464,2016-08-15 19:38:12,b'RT @chile_upa: Exitosa entrega de las listas de candidatos en las #Municipales2016. Nuevas ideas para un Chile mejor #ChaoALaMafia https://\xe2\x80\xa6'
